{
  "IcoMoonType": "selection",
  "icons": [
    {
      "icon": {
        "paths": [
          "M658.286 475.429c0-141.143-114.857-256-256-256s-256 114.857-256 256 114.857 256 256 256 256-114.857 256-256zM950.857 950.857c0 40-33.143 73.143-73.143 73.143-19.429 0-38.286-8-51.429-21.714l-196-195.429c-66.857 46.286-146.857 70.857-228 70.857-222.286 0-402.286-180-402.286-402.286s180-402.286 402.286-402.286 402.286 180 402.286 402.286c0 81.143-24.571 161.143-70.857 228l196 196c13.143 13.143 21.143 32 21.143 51.429z"
        ],
        "width": 950.8571428571428,
        "attrs": [],
        "isMulticolor": false,
        "isMulticolor2": false,
        "tags": [
          "search"
        ],
        "defaultCode": 61442,
        "grid": 14
      },
      "attrs": [],
      "properties": {
        "name": "search",
        "id": 6,
        "order": 18,
        "prevSize": 28
      },
      "setIdx": 0,
      "setId": 2,
      "iconIdx": 6
    }
  ],
  "height": 1024,
  "preferences": {
    "showGlyphs": true,
    "showQuickUse": true,
    "showQuickUse2": true,
    "showSVGs": true,
    "fontPref": {
      "prefix": "icon-",
      "metadata": {
        "fontFamily": "icomoon"
      },
      "metrics": {
        "emSize": 1024,
        "baseline": 6.25,
        "whitespace": 50
      },
      "embed": false
    },
    "imagePref": {
      "prefix": "icon-",
      "png": false,
      "useClassSelector": true,
      "color": 0,
      "bgColor": 16777215,
      "classSelector": ".icon",
      "name": "icomoon",
      "height": 32,
      "columns": 16,
      "margin": 16
    },
    "historySize": 50,
    "showCodes": true,
    "gridSize": 16
  }
}